ID,"Absolute URL","Relative Path",File,"Alt Text",Caption,Description,Title
4024,https://atelier-ilys.com/wp-content/uploads/2026/03/Capture-decran-2026-02-10-a-21.09.59.png,/2026/03/Capture-decran-2026-02-10-a-21.09.59.png,Capture-decran-2026-02-10-a-21.09.59.png,,,,"Capture d’écran 2026-02-10 à 21.09.59"
4023,https://atelier-ilys.com/wp-content/uploads/2026/03/isarecadre.png,/2026/03/isarecadre.png,isarecadre.png,,,,isarecadre
3996,https://atelier-ilys.com/wp-content/uploads/2025/12/IMG_7127-scaled-e1765534978814.jpeg,/2025/12/IMG_7127-scaled-e1765534978814.jpeg,IMG_7127-scaled-e1765534978814.jpeg,,,,IMG_7127
3983,https://atelier-ilys.com/wp-content/uploads/2025/08/1893707-193x241-1.jpeg,/2025/08/1893707-193x241-1.jpeg,1893707-193x241-1.jpeg,,,,1893707-193x241
3982,https://atelier-ilys.com/wp-content/uploads/2025/08/165954746053441227.jpg,/2025/08/165954746053441227.jpg,165954746053441227.jpg,,,,165954746053441227
3978,https://atelier-ilys.com/wp-content/uploads/2025/08/e9f1bb97-3b80-47c8-92e4-e7e9a9dda81e.jpg,/2025/08/e9f1bb97-3b80-47c8-92e4-e7e9a9dda81e.jpg,e9f1bb97-3b80-47c8-92e4-e7e9a9dda81e.jpg,,,,e9f1bb97-3b80-47c8-92e4-e7e9a9dda81e
3977,https://atelier-ilys.com/wp-content/uploads/2025/08/ea532c9b-5cac-4313-a14d-51a75fb1546e.jpg,/2025/08/ea532c9b-5cac-4313-a14d-51a75fb1546e.jpg,ea532c9b-5cac-4313-a14d-51a75fb1546e.jpg,,,,ea532c9b-5cac-4313-a14d-51a75fb1546e
3976,https://atelier-ilys.com/wp-content/uploads/2025/08/4a2bd44b-e9cd-414e-8edb-8338a625d52d.jpg,/2025/08/4a2bd44b-e9cd-414e-8edb-8338a625d52d.jpg,4a2bd44b-e9cd-414e-8edb-8338a625d52d.jpg,,,,4a2bd44b-e9cd-414e-8edb-8338a625d52d
3967,https://atelier-ilys.com/wp-content/uploads/2025/08/parc-du-luberon.png,/2025/08/parc-du-luberon.png,parc-du-luberon.png,,,,"parc du luberon"
3942,https://atelier-ilys.com/wp-content/uploads/2025/08/fcfa32c7-80d1-422a-b764-db9cddbeedb0.jpg,/2025/08/fcfa32c7-80d1-422a-b764-db9cddbeedb0.jpg,fcfa32c7-80d1-422a-b764-db9cddbeedb0.jpg,,"chambre grenade",,fcfa32c7-80d1-422a-b764-db9cddbeedb0
3941,https://atelier-ilys.com/wp-content/uploads/2025/08/b276c6cb-cf90-4ae3-836d-ce85ce30261d.jpg,/2025/08/b276c6cb-cf90-4ae3-836d-ce85ce30261d.jpg,b276c6cb-cf90-4ae3-836d-ce85ce30261d.jpg,,,,b276c6cb-cf90-4ae3-836d-ce85ce30261d
3940,https://atelier-ilys.com/wp-content/uploads/2025/08/597eb4b2-dfcb-465d-b086-0a444fd9110a.jpg,/2025/08/597eb4b2-dfcb-465d-b086-0a444fd9110a.jpg,597eb4b2-dfcb-465d-b086-0a444fd9110a.jpg,,,,597eb4b2-dfcb-465d-b086-0a444fd9110a
3938,https://atelier-ilys.com/wp-content/uploads/2025/08/plan-du-loft--e1754409854923.jpg,/2025/08/plan-du-loft--e1754409854923.jpg,plan-du-loft--e1754409854923.jpg,,,,"plan du loft"
3937,https://atelier-ilys.com/wp-content/uploads/2025/08/IMG_6286-scaled.jpeg,/2025/08/IMG_6286-scaled.jpeg,IMG_6286-scaled.jpeg,,"chambre grenade",,IMG_6286
3913,https://atelier-ilys.com/wp-content/uploads/2025/06/IMG_6278-scaled.jpeg,/2025/06/IMG_6278-scaled.jpeg,IMG_6278-scaled.jpeg,,"couloir vers chambres 2,3,4",,IMG_6278
3912,https://atelier-ilys.com/wp-content/uploads/2025/06/IMG_6276-scaled.jpeg,/2025/06/IMG_6276-scaled.jpeg,IMG_6276-scaled.jpeg,,"couloir vers chambres 2,3,4",,IMG_6276
3911,https://atelier-ilys.com/wp-content/uploads/2025/06/IMG_6301-scaled.jpeg,/2025/06/IMG_6301-scaled.jpeg,IMG_6301-scaled.jpeg,,"salle de bain",,IMG_6301
3910,https://atelier-ilys.com/wp-content/uploads/2025/06/IMG_6302-scaled.jpeg,/2025/06/IMG_6302-scaled.jpeg,IMG_6302-scaled.jpeg,,cuisine,,IMG_6302
3909,https://atelier-ilys.com/wp-content/uploads/2025/06/IMG_6284-scaled.jpeg,/2025/06/IMG_6284-scaled.jpeg,IMG_6284-scaled.jpeg,,"chambre 1: 2p",,IMG_6284
3908,https://atelier-ilys.com/wp-content/uploads/2025/06/IMG_6298-scaled.jpeg,/2025/06/IMG_6298-scaled.jpeg,IMG_6298-scaled.jpeg,,,,IMG_6298
3907,https://atelier-ilys.com/wp-content/uploads/2025/06/IMG_6267-scaled.jpeg,/2025/06/IMG_6267-scaled.jpeg,IMG_6267-scaled.jpeg,,terrasse,,IMG_6267
3906,https://atelier-ilys.com/wp-content/uploads/2025/06/IMG_6299-scaled.jpeg,/2025/06/IMG_6299-scaled.jpeg,IMG_6299-scaled.jpeg,,"salle de bain",,IMG_6299
3905,https://atelier-ilys.com/wp-content/uploads/2025/06/IMG_6304-scaled.jpeg,/2025/06/IMG_6304-scaled.jpeg,IMG_6304-scaled.jpeg,,"salle à manger",,IMG_6304
3904,https://atelier-ilys.com/wp-content/uploads/2025/06/IMG_6308-scaled.jpeg,/2025/06/IMG_6308-scaled.jpeg,IMG_6308-scaled.jpeg,,,,IMG_6308
3903,https://atelier-ilys.com/wp-content/uploads/2025/06/IMG_6306-scaled.jpeg,/2025/06/IMG_6306-scaled.jpeg,IMG_6306-scaled.jpeg,,"salle à manger",,IMG_6306
3902,https://atelier-ilys.com/wp-content/uploads/2025/06/IMG_6307-scaled.jpeg,/2025/06/IMG_6307-scaled.jpeg,IMG_6307-scaled.jpeg,,salon,,IMG_6307
3901,https://atelier-ilys.com/wp-content/uploads/2025/06/IMG_6318-scaled.jpeg,/2025/06/IMG_6318-scaled.jpeg,IMG_6318-scaled.jpeg,,"chambre grenade",,IMG_6318
3900,https://atelier-ilys.com/wp-content/uploads/2025/06/IMG_6303-scaled.jpeg,/2025/06/IMG_6303-scaled.jpeg,IMG_6303-scaled.jpeg,,"salle à manger",,IMG_6303
3899,https://atelier-ilys.com/wp-content/uploads/2025/06/IMG_6286-scaled.jpeg,/2025/06/IMG_6286-scaled.jpeg,IMG_6286-scaled.jpeg,,"chambre 1: 2p",,IMG_6286
3898,https://atelier-ilys.com/wp-content/uploads/2025/06/IMG_6296-scaled.jpeg,/2025/06/IMG_6296-scaled.jpeg,IMG_6296-scaled.jpeg,,"salle de bain",,IMG_6296
3897,https://atelier-ilys.com/wp-content/uploads/2025/06/IMG_6290-scaled.jpeg,/2025/06/IMG_6290-scaled.jpeg,IMG_6290-scaled.jpeg,,salon,,IMG_6290
3896,https://atelier-ilys.com/wp-content/uploads/2025/06/IMG_6288-scaled.jpeg,/2025/06/IMG_6288-scaled.jpeg,IMG_6288-scaled.jpeg,,"chambre grenade : 2p",,IMG_6288
3889,https://atelier-ilys.com/wp-content/uploads/2025/06/IMG_5517-scaled.jpg,/2025/06/IMG_5517-scaled.jpg,IMG_5517-scaled.jpg,,,,IMG_5517
3887,https://atelier-ilys.com/wp-content/uploads/2025/06/IMG_5515-scaled.jpg,/2025/06/IMG_5515-scaled.jpg,IMG_5515-scaled.jpg,,,,IMG_5515
3880,https://atelier-ilys.com/wp-content/uploads/2025/06/Photos-1-001-5-1.zip,/2025/06/Photos-1-001-5-1.zip,Photos-1-001-5-1.zip,,,,"Photos-1-001 (5)"
3879,https://atelier-ilys.com/wp-content/uploads/2025/06/Photos-1-001-5.zip,/2025/06/Photos-1-001-5.zip,Photos-1-001-5.zip,,,,"Photos-1-001 (5)"
3857,https://atelier-ilys.com/wp-content/uploads/2025/04/video-lavande.mp4,/2025/04/video-lavande.mp4,video-lavande.mp4,,,,"video lavande"
3852,https://atelier-ilys.com/wp-content/uploads/2025/04/IMG_7233-scaled.jpeg,/2025/04/IMG_7233-scaled.jpeg,IMG_7233-scaled.jpeg,,"terrasse partagée",,IMG_7233
3850,https://atelier-ilys.com/wp-content/uploads/2025/04/IMG_7232-scaled.jpg,/2025/04/IMG_7232-scaled.jpg,IMG_7232-scaled.jpg,,"Terrasse partagée",,IMG_7232
3849,https://atelier-ilys.com/wp-content/uploads/2025/04/IMG_2445-scaled.jpg,/2025/04/IMG_2445-scaled.jpg,IMG_2445-scaled.jpg,,"Devant le mas",,IMG_2445
3848,https://atelier-ilys.com/wp-content/uploads/2025/04/e2f58e9c-660b-4e9f-ab38-0d5d9b24b5f6-1.jpg,/2025/04/e2f58e9c-660b-4e9f-ab38-0d5d9b24b5f6-1.jpg,e2f58e9c-660b-4e9f-ab38-0d5d9b24b5f6-1.jpg,,"A l'arriere du mas",,e2f58e9c-660b-4e9f-ab38-0d5d9b24b5f6
3846,https://atelier-ilys.com/wp-content/uploads/2025/04/9816f3ea-40f6-46c7-934a-232f63ae169c.jpg,/2025/04/9816f3ea-40f6-46c7-934a-232f63ae169c.jpg,9816f3ea-40f6-46c7-934a-232f63ae169c.jpg,,"Espace partagé",,9816f3ea-40f6-46c7-934a-232f63ae169c
3825,https://atelier-ilys.com/wp-content/uploads/2025/04/IMG_4485-scaled.jpg,/2025/04/IMG_4485-scaled.jpg,IMG_4485-scaled.jpg,,salon,,IMG_4485
3824,https://atelier-ilys.com/wp-content/uploads/2025/04/IMG_4904-scaled.jpg,/2025/04/IMG_4904-scaled.jpg,IMG_4904-scaled.jpg,,"Salle de bain",,IMG_4904
3816,https://atelier-ilys.com/wp-content/uploads/2025/04/IMG_5488-scaled.jpg,/2025/04/IMG_5488-scaled.jpg,IMG_5488-scaled.jpg,,,,IMG_5488
3812,https://atelier-ilys.com/wp-content/uploads/2025/04/IMG_5519-scaled.jpg,/2025/04/IMG_5519-scaled.jpg,IMG_5519-scaled.jpg,,,,IMG_5519
3811,https://atelier-ilys.com/wp-content/uploads/2025/04/IMG_5511-1-scaled.jpg,/2025/04/IMG_5511-1-scaled.jpg,IMG_5511-1-scaled.jpg,,,,IMG_5511
3810,https://atelier-ilys.com/wp-content/uploads/2025/04/IMG_5518-scaled.jpg,/2025/04/IMG_5518-scaled.jpg,IMG_5518-scaled.jpg,,,,IMG_5518
3808,https://atelier-ilys.com/wp-content/uploads/2025/04/IMG_5516-scaled.jpg,/2025/04/IMG_5516-scaled.jpg,IMG_5516-scaled.jpg,,,,IMG_5516
3806,https://atelier-ilys.com/wp-content/uploads/2025/04/IMG_5513-scaled.jpg,/2025/04/IMG_5513-scaled.jpg,IMG_5513-scaled.jpg,,,,IMG_5513
3804,https://atelier-ilys.com/wp-content/uploads/2025/04/IMG_5514-scaled.jpg,/2025/04/IMG_5514-scaled.jpg,IMG_5514-scaled.jpg,,,,IMG_5514
3803,https://atelier-ilys.com/wp-content/uploads/2025/04/IMG_5510-scaled.jpg,/2025/04/IMG_5510-scaled.jpg,IMG_5510-scaled.jpg,,,,IMG_5510
3802,https://atelier-ilys.com/wp-content/uploads/2025/04/IMG_5509-scaled.jpg,/2025/04/IMG_5509-scaled.jpg,IMG_5509-scaled.jpg,,,,IMG_5509
3800,https://atelier-ilys.com/wp-content/uploads/2025/04/IMG_5507-scaled.jpg,/2025/04/IMG_5507-scaled.jpg,IMG_5507-scaled.jpg,,,,IMG_5507
3799,https://atelier-ilys.com/wp-content/uploads/2025/04/aab4f191-bd3b-463b-9cca-2dea066d3a7d.jpg,/2025/04/aab4f191-bd3b-463b-9cca-2dea066d3a7d.jpg,aab4f191-bd3b-463b-9cca-2dea066d3a7d.jpg,,"vue de la fenetre",,aab4f191-bd3b-463b-9cca-2dea066d3a7d
3798,https://atelier-ilys.com/wp-content/uploads/2025/04/IMG_2462-scaled.jpg,/2025/04/IMG_2462-scaled.jpg,IMG_2462-scaled.jpg,,"vue de la fenetre",,IMG_2462
3797,https://atelier-ilys.com/wp-content/uploads/2025/04/e2f58e9c-660b-4e9f-ab38-0d5d9b24b5f6.jpg,/2025/04/e2f58e9c-660b-4e9f-ab38-0d5d9b24b5f6.jpg,e2f58e9c-660b-4e9f-ab38-0d5d9b24b5f6.jpg,,"vue nord-est le soir",,e2f58e9c-660b-4e9f-ab38-0d5d9b24b5f6
3796,https://atelier-ilys.com/wp-content/uploads/2025/04/eed40a1c-79d7-423f-b983-52a33fdb3e2b.jpg,/2025/04/eed40a1c-79d7-423f-b983-52a33fdb3e2b.jpg,eed40a1c-79d7-423f-b983-52a33fdb3e2b.jpg,,"vue des lavande de la fenetre de la chambre",,eed40a1c-79d7-423f-b983-52a33fdb3e2b
3794,https://atelier-ilys.com/wp-content/uploads/2025/04/IMG_4824-scaled.jpg,/2025/04/IMG_4824-scaled.jpg,IMG_4824-scaled.jpg,,"vue d'ensemble l'hiver",,IMG_4824
3793,https://atelier-ilys.com/wp-content/uploads/2025/04/IMG_2456-scaled.jpg,/2025/04/IMG_2456-scaled.jpg,IMG_2456-scaled.jpg,,"vue des lavandes de l'intérieur du gite",,IMG_2456
3792,https://atelier-ilys.com/wp-content/uploads/2025/04/IMG_3560-scaled.jpg,/2025/04/IMG_3560-scaled.jpg,IMG_3560-scaled.jpg,,"vue des lavandes de l'intérieur du gite",,IMG_3560
3791,https://atelier-ilys.com/wp-content/uploads/2025/04/IMG_3558-scaled.jpg,/2025/04/IMG_3558-scaled.jpg,IMG_3558-scaled.jpg,,"jardin privatif avec tables, chaises et transat",,IMG_3558
3757,https://atelier-ilys.com/wp-content/uploads/2025/03/5.jpg,/2025/03/5.jpg,5.jpg,,,,5
3756,https://atelier-ilys.com/wp-content/uploads/2025/03/4.jpg,/2025/03/4.jpg,4.jpg,,,,4
3755,https://atelier-ilys.com/wp-content/uploads/2025/03/3.jpg,/2025/03/3.jpg,3.jpg,,,,3
3754,https://atelier-ilys.com/wp-content/uploads/2025/03/2.jpg,/2025/03/2.jpg,2.jpg,,,,2
3719,https://atelier-ilys.com/wp-content/uploads/2024/10/Accueillir-Automne-Instagram-Publication.jpg,/2024/10/Accueillir-Automne-Instagram-Publication.jpg,Accueillir-Automne-Instagram-Publication.jpg,,,,"Accueillir Automne Instagram Publication"
3644,https://atelier-ilys.com/wp-content/uploads/2024/06/2.jpg,/2024/06/2.jpg,2.jpg,,,,2
3634,https://atelier-ilys.com/wp-content/uploads/2024/06/Taille-originale-version-site-web.pdf,/2024/06/Taille-originale-version-site-web.pdf,Taille-originale-version-site-web.pdf,,,,"[Taille originale] version site web"
3617,https://atelier-ilys.com/wp-content/uploads/2024/06/gingko.jpg,/2024/06/gingko.jpg,gingko.jpg,,,,gingko
3616,https://atelier-ilys.com/wp-content/uploads/2024/06/pastel2.jpg,/2024/06/pastel2.jpg,pastel2.jpg,,,,pastel2
3492,https://atelier-ilys.com/wp-content/uploads/2024/02/stageteinture2.jpg,/2024/02/stageteinture2.jpg,stageteinture2.jpg,,,,stageteinture2
3464,https://atelier-ilys.com/wp-content/uploads/2024/02/ecoprint-soie.jpg,/2024/02/ecoprint-soie.jpg,ecoprint-soie.jpg,,"ecoprint sur soie",,"ecoprint soie"
3463,https://atelier-ilys.com/wp-content/uploads/2024/02/ecoprintcampche.jpg,/2024/02/ecoprintcampche.jpg,ecoprintcampche.jpg,,"ecoprint sur coton",,ecoprintcampche
3462,https://atelier-ilys.com/wp-content/uploads/2024/02/teinturegarance.jpg,/2024/02/teinturegarance.jpg,teinturegarance.jpg,,"teinture à la garance",,teinturegarance
3460,https://atelier-ilys.com/wp-content/uploads/2024/02/teinture.jpg,/2024/02/teinture.jpg,teinture.jpg,,"foulard en lin et feuilles de noyer",,teinture
3459,https://atelier-ilys.com/wp-content/uploads/2024/02/iris.jpg,/2024/02/iris.jpg,iris.jpg,,"iris du jardin",,iris
3458,https://atelier-ilys.com/wp-content/uploads/2024/02/pigmentreseda.jpg,/2024/02/pigmentreseda.jpg,pigmentreseda.jpg,,"pigment de reseda",,pigmentreseda
3457,https://atelier-ilys.com/wp-content/uploads/2024/02/vertdiris.jpg,/2024/02/vertdiris.jpg,vertdiris.jpg,,"vert d'iris",,vertdiris
3456,https://atelier-ilys.com/wp-content/uploads/2024/02/encresvegetale.jpg,/2024/02/encresvegetale.jpg,encresvegetale.jpg,,"atelier encres",,encresvegetale
3452,https://atelier-ilys.com/wp-content/uploads/2024/02/douche.jpg,/2024/02/douche.jpg,douche.jpg,,"la douche et au fond le salon",,douche
3451,https://atelier-ilys.com/wp-content/uploads/2024/02/sechege-camilaine.jpg,/2024/02/sechege-camilaine.jpg,sechege-camilaine.jpg,,"séchage des teintures au petit matin",,"sechege camilaine"
3450,https://atelier-ilys.com/wp-content/uploads/2024/02/IMG_9857.heic,/2024/02/IMG_9857.heic,IMG_9857.heic,,,,IMG_9857
3449,https://atelier-ilys.com/wp-content/uploads/2024/02/ailante.jpg,/2024/02/ailante.jpg,ailante.jpg,,"foulard soie et ecoprint ailante",,ailante
3448,https://atelier-ilys.com/wp-content/uploads/2024/02/robeindigo.jpg,/2024/02/robeindigo.jpg,robeindigo.jpg,,"robe de soirée soie teintée indigo",,robeindigo
3447,https://atelier-ilys.com/wp-content/uploads/2024/02/ecoprint2.jpg,/2024/02/ecoprint2.jpg,ecoprint2.jpg,,"Nappe lin et ecoprint",,ecoprint2
3446,https://atelier-ilys.com/wp-content/uploads/2024/02/box2-1.jpg,/2024/02/box2-1.jpg,box2-1.jpg,,"Kit de teinture cosmos",,box2
3445,https://atelier-ilys.com/wp-content/uploads/2024/02/atelierhiver.jpg,/2024/02/atelierhiver.jpg,atelierhiver.jpg,,l'atelier,,atelierhiver
3444,https://atelier-ilys.com/wp-content/uploads/2024/02/atelier2.jpg,/2024/02/atelier2.jpg,atelier2.jpg,,l'atelier,,atelier2
3443,https://atelier-ilys.com/wp-content/uploads/2024/02/atelier3.jpg,/2024/02/atelier3.jpg,atelier3.jpg,,l'atelier,,atelier3
3442,https://atelier-ilys.com/wp-content/uploads/2024/02/atelier4.jpg,/2024/02/atelier4.jpg,atelier4.jpg,,l'atelier,,atelier4
3440,https://atelier-ilys.com/wp-content/uploads/2024/02/maisoncoteest.jpg,/2024/02/maisoncoteest.jpg,maisoncoteest.jpg,,"vue Est",,maisoncoteest
3417,https://atelier-ilys.com/wp-content/uploads/2024/02/box2.jpg,/2024/02/box2.jpg,box2.jpg,,"kit cosmos",,box2
3416,https://atelier-ilys.com/wp-content/uploads/2024/02/box.jpg,/2024/02/box.jpg,box.jpg,,"kit cosmos",,box
3414,https://atelier-ilys.com/wp-content/uploads/2024/02/nuancier-laine-1.jpg,/2024/02/nuancier-laine-1.jpg,nuancier-laine-1.jpg,,,,"nuancier laine"
3413,https://atelier-ilys.com/wp-content/uploads/2024/02/nuancier-laine.jpg,/2024/02/nuancier-laine.jpg,nuancier-laine.jpg,,"nuancier sur laine: teinture pour Camilaine_tricoterdulien",,"nuancier laine"
3412,https://atelier-ilys.com/wp-content/uploads/2024/02/teinturecamilaine.jpg,/2024/02/teinturecamilaine.jpg,teinturecamilaine.jpg,,"teinture à façon pour camilaine_tricoterdulien",,teinturecamilaine
3326,https://atelier-ilys.com/wp-content/uploads/2024/01/vue-cuisine.jpg,/2024/01/vue-cuisine.jpg,vue-cuisine.jpg,,"vue de la cuisine",,"vue cuisine"
3325,https://atelier-ilys.com/wp-content/uploads/2024/01/vuedelaterrasse.jpg,/2024/01/vuedelaterrasse.jpg,vuedelaterrasse.jpg,,"vue de la terrasse",,vuedelaterrasse
3324,https://atelier-ilys.com/wp-content/uploads/2024/01/arriereferme.jpg,/2024/01/arriereferme.jpg,arriereferme.jpg,,"vue arriere",,arriereferme
3323,https://atelier-ilys.com/wp-content/uploads/2024/01/environnement.jpg,/2024/01/environnement.jpg,environnement.jpg,,environnement,,environnement
3321,https://atelier-ilys.com/wp-content/uploads/2024/01/la-terasse.jpg,/2024/01/la-terasse.jpg,la-terasse.jpg,,"la terrasse",,"la terasse"
3320,https://atelier-ilys.com/wp-content/uploads/2024/01/environnement2.jpg,/2024/01/environnement2.jpg,environnement2.jpg,,"environnement proche",,environnement2
3319,https://atelier-ilys.com/wp-content/uploads/2024/01/vuealentour.jpg,/2024/01/vuealentour.jpg,vuealentour.jpg,,"le domaine",,vuealentour
3318,https://atelier-ilys.com/wp-content/uploads/2024/01/terrasse2.jpg,/2024/01/terrasse2.jpg,terrasse2.jpg,,"la terrasse",,terrasse2
3314,https://atelier-ilys.com/wp-content/uploads/2024/01/eboutique-1.jpg,/2024/01/eboutique-1.jpg,eboutique-1.jpg,,"indigo grand format",,eboutique
3313,https://atelier-ilys.com/wp-content/uploads/2024/01/teinture3-1.jpg,/2024/01/teinture3-1.jpg,teinture3-1.jpg,,"teintures grand format",,teinture3
3312,https://atelier-ilys.com/wp-content/uploads/2024/01/motif3-1.jpg,/2024/01/motif3-1.jpg,motif3-1.jpg,,"motifs sur laine",,motif3
3311,https://atelier-ilys.com/wp-content/uploads/2024/01/atelierfamille.jpg,/2024/01/atelierfamille.jpg,atelierfamille.jpg,,"atelier enfant 2023",,atelierfamille
3310,https://atelier-ilys.com/wp-content/uploads/2024/01/ecoprint3.jpg,/2024/01/ecoprint3.jpg,ecoprint3.jpg,,"stage ecoprint 2023",,ecoprint3
3309,https://atelier-ilys.com/wp-content/uploads/2024/01/ecoprint.jpg,/2024/01/ecoprint.jpg,ecoprint.jpg,,"ecoprint sur coton",,ecoprint
3308,https://atelier-ilys.com/wp-content/uploads/2024/01/ecoprint2.jpg,/2024/01/ecoprint2.jpg,ecoprint2.jpg,,"stage ecoprint personnalisé",,ecoprint2
3307,https://atelier-ilys.com/wp-content/uploads/2024/01/stageteinture3.jpg,/2024/01/stageteinture3.jpg,stageteinture3.jpg,,"créations de stage",,stageteinture3
3306,https://atelier-ilys.com/wp-content/uploads/2024/01/stagepigment.jpg,/2024/01/stagepigment.jpg,stagepigment.jpg,,"pigments réalisés en stage",,stagepigment
3305,https://atelier-ilys.com/wp-content/uploads/2024/01/cosmos.jpg,/2024/01/cosmos.jpg,cosmos.jpg,,"cosmos du jardin",,cosmos
3304,https://atelier-ilys.com/wp-content/uploads/2024/01/pigment.jpg,/2024/01/pigment.jpg,pigment.jpg,,"préparation du pigment",,pigment
3303,https://atelier-ilys.com/wp-content/uploads/2024/01/pigmentcosmos.jpg,/2024/01/pigmentcosmos.jpg,pigmentcosmos.jpg,,"pigment de cosmos",,pigmentcosmos
3301,https://atelier-ilys.com/wp-content/uploads/2024/01/atelier-1-scaled.jpg,/2024/01/atelier-1-scaled.jpg,atelier-1-scaled.jpg,,,,atelier
3300,https://atelier-ilys.com/wp-content/uploads/2024/01/atelierteinture.jpg,/2024/01/atelierteinture.jpg,atelierteinture.jpg,,,,atelierteinture
3299,https://atelier-ilys.com/wp-content/uploads/2024/01/nuancier.jpg,/2024/01/nuancier.jpg,nuancier.jpg,,"nuancier d'échantillon",,nuancier
3298,https://atelier-ilys.com/wp-content/uploads/2024/01/motif.jpg,/2024/01/motif.jpg,motif.jpg,,"préparation de motifs",,motif
3296,https://atelier-ilys.com/wp-content/uploads/2024/01/atelierfamille3.jpg,/2024/01/atelierfamille3.jpg,atelierfamille3.jpg,,"réalisation ",,atelierfamille3
3295,https://atelier-ilys.com/wp-content/uploads/2024/01/atelierfamille2.jpg,/2024/01/atelierfamille2.jpg,atelierfamille2.jpg,,"stage été 2023",,atelierfamille2
3293,https://atelier-ilys.com/wp-content/uploads/2024/01/cachecou.jpg,/2024/01/cachecou.jpg,cachecou.jpg,,"teintures de laine",,cachecou
3292,https://atelier-ilys.com/wp-content/uploads/2024/01/stage-1.jpg,/2024/01/stage-1.jpg,stage-1.jpg,,"trempage avant indigo",,"stage 1"
3287,https://atelier-ilys.com/wp-content/uploads/2024/01/stageindigo.jpg,/2024/01/stageindigo.jpg,stageindigo.jpg,,"stagiaires et leur création",,stageindigo
3285,https://atelier-ilys.com/wp-content/uploads/2024/01/indigo3.jpg,/2024/01/indigo3.jpg,indigo3.jpg,,"Pose de réserve",,indigo3
3281,https://atelier-ilys.com/wp-content/uploads/2024/01/boutique.jpg,/2024/01/boutique.jpg,boutique.jpg,,"motifs sur lin, indigo avec réserve d'argile",,boutique
3280,https://atelier-ilys.com/wp-content/uploads/2024/01/rideau.jpg,/2024/01/rideau.jpg,rideau.jpg,,"rideaux feuilles de vignes",,rideau
3279,https://atelier-ilys.com/wp-content/uploads/2024/01/teinture.jpg,/2024/01/teinture.jpg,teinture.jpg,,,,teinture
3278,https://atelier-ilys.com/wp-content/uploads/2024/01/atelier-scaled.jpg,/2024/01/atelier-scaled.jpg,atelier-scaled.jpg,,échantillon,,atelier
3277,https://atelier-ilys.com/wp-content/uploads/2024/01/legrandpre.jpg,/2024/01/legrandpre.jpg,legrandpre.jpg,,"Vue d'ensemble",,legrandpre
3276,https://atelier-ilys.com/wp-content/uploads/2024/01/eboutique.jpg,/2024/01/eboutique.jpg,eboutique.jpg,,"rideaux indigo motif gingko",,eboutique
3274,https://atelier-ilys.com/wp-content/uploads/2024/01/apropos.jpg,/2024/01/apropos.jpg,apropos.jpg,,,,apropos
3140,https://atelier-ilys.com/wp-content/uploads/2023/10/4f9e60be-40cc-4213-81e9-83b1bf0c924f.jpg,/2023/10/4f9e60be-40cc-4213-81e9-83b1bf0c924f.jpg,4f9e60be-40cc-4213-81e9-83b1bf0c924f.jpg,,"atelier enfant 2023",,4f9e60be-40cc-4213-81e9-83b1bf0c924f
3109,https://atelier-ilys.com/wp-content/uploads/2023/07/reception-750.jpg,/2023/07/reception-750.jpg,reception-750.jpg,,salon,,reception-750
3108,https://atelier-ilys.com/wp-content/uploads/2023/07/couloirvert-750-rotated-e1688292441207.jpg,/2023/07/couloirvert-750-rotated-e1688292441207.jpg,couloirvert-750-rotated-e1688292441207.jpg,,"couloir a l'étage",,couloirvert-750
3107,https://atelier-ilys.com/wp-content/uploads/2023/07/vuedelacuisine-750-rotated-e1688292476763.jpg,/2023/07/vuedelacuisine-750-rotated-e1688292476763.jpg,vuedelacuisine-750-rotated-e1688292476763.jpg,,"vue de la cuisine",,vuedelacuisine-750
3105,https://atelier-ilys.com/wp-content/uploads/2023/07/cuisine-750-rotated-e1688292531689.jpg,/2023/07/cuisine-750-rotated-e1688292531689.jpg,cuisine-750-rotated-e1688292531689.jpg,,cuisine,,cuisine-750
3104,https://atelier-ilys.com/wp-content/uploads/2023/07/salleamanger-750.jpg,/2023/07/salleamanger-750.jpg,salleamanger-750.jpg,,"salle a manger",,salleamanger-750
3103,https://atelier-ilys.com/wp-content/uploads/2023/07/cuisine-2-750.jpg,/2023/07/cuisine-2-750.jpg,cuisine-2-750.jpg,,cuisine,,"cuisine 2-750"
3102,https://atelier-ilys.com/wp-content/uploads/2023/07/escalier750-rotated-e1688292413402.jpg,/2023/07/escalier750-rotated-e1688292413402.jpg,escalier750-rotated-e1688292413402.jpg,,escalier,,escalier750
3101,https://atelier-ilys.com/wp-content/uploads/2023/07/salleamanger2-750.jpg,/2023/07/salleamanger2-750.jpg,salleamanger2-750.jpg,,"salon/salle a manger",,salleamanger2-750
3100,https://atelier-ilys.com/wp-content/uploads/2023/07/reception3-750.jpg,/2023/07/reception3-750.jpg,reception3-750.jpg,,salon,,reception3-750
3099,https://atelier-ilys.com/wp-content/uploads/2023/07/salleamanger5-750.jpg,/2023/07/salleamanger5-750.jpg,salleamanger5-750.jpg,,"salle a manger",,salleamanger5-750
3095,https://atelier-ilys.com/wp-content/uploads/2023/07/sdbcochonnier-750-rotated-e1688292040615.jpg,/2023/07/sdbcochonnier-750-rotated-e1688292040615.jpg,sdbcochonnier-750-rotated-e1688292040615.jpg,,"chambre: le cochonnier",,sdbcochonnier-750
3094,https://atelier-ilys.com/wp-content/uploads/2023/07/cochonnier5-750-rotated-e1688292022699.jpg,/2023/07/cochonnier5-750-rotated-e1688292022699.jpg,cochonnier5-750-rotated-e1688292022699.jpg,,"chambre: le cochonnier",,cochonnier5-750
3093,https://atelier-ilys.com/wp-content/uploads/2023/07/cochonnier4-750-rotated-e1688292003941.jpg,/2023/07/cochonnier4-750-rotated-e1688292003941.jpg,cochonnier4-750-rotated-e1688292003941.jpg,,"chambre: le cochonnier",,cochonnier4-750
3092,https://atelier-ilys.com/wp-content/uploads/2023/07/cochonnier3-750-rotated-e1688291983686.jpg,/2023/07/cochonnier3-750-rotated-e1688291983686.jpg,cochonnier3-750-rotated-e1688291983686.jpg,,,,cochonnier3-750
3091,https://atelier-ilys.com/wp-content/uploads/2023/07/IMG_6712sdbcochonnier-750.jpg,/2023/07/IMG_6712sdbcochonnier-750.jpg,IMG_6712sdbcochonnier-750.jpg,,"chambre: le cochonnier",,IMG_6712sdbcochonnier-750
3090,https://atelier-ilys.com/wp-content/uploads/2023/07/cochonnier-750.jpg,/2023/07/cochonnier-750.jpg,cochonnier-750.jpg,,"chambre: le cochonnier",,"cochonnier 750"
3087,https://atelier-ilys.com/wp-content/uploads/2023/07/vue-chambresimple-750-rotated-e1688291496105.jpg,/2023/07/vue-chambresimple-750-rotated-e1688291496105.jpg,vue-chambresimple-750-rotated-e1688291496105.jpg,,"vue de la chambre",,"vue chambresimple-750"
3086,https://atelier-ilys.com/wp-content/uploads/2023/07/azur-750.jpg,/2023/07/azur-750.jpg,azur-750.jpg,,,,azur-750
3052,https://atelier-ilys.com/wp-content/uploads/2023/06/salon1-750.jpg,/2023/06/salon1-750.jpg,salon1-750.jpg,,salon,,salon1-750
3051,https://atelier-ilys.com/wp-content/uploads/2023/06/salon2-750.jpg,/2023/06/salon2-750.jpg,salon2-750.jpg,,salon,,salon2-750
3050,https://atelier-ilys.com/wp-content/uploads/2023/06/couloirverscuisine-750-rotated-e1688129642947.jpg,/2023/06/couloirverscuisine-750-rotated-e1688129642947.jpg,couloirverscuisine-750-rotated-e1688129642947.jpg,,"cuisine vue du salon",,couloirverscuisine-750
3049,https://atelier-ilys.com/wp-content/uploads/2023/06/salon3-750.jpg,/2023/06/salon3-750.jpg,salon3-750.jpg,,salon,,salon3-750
3048,https://atelier-ilys.com/wp-content/uploads/2023/06/couloir-vers-cochonnier-rotated-e1688129627647.jpg,/2023/06/couloir-vers-cochonnier-rotated-e1688129627647.jpg,couloir-vers-cochonnier-rotated-e1688129627647.jpg,,"chambre rez de chaussée vue de la cuisione",,"couloir vers cochonnier"
3047,https://atelier-ilys.com/wp-content/uploads/2023/06/salledebain-750.jpg,/2023/06/salledebain-750.jpg,salledebain-750.jpg,,"salle de bain",,salledebain-750
3046,https://atelier-ilys.com/wp-content/uploads/2023/06/salon4-750.jpg,/2023/06/salon4-750.jpg,salon4-750.jpg,,salon,,salon4-750
3045,https://atelier-ilys.com/wp-content/uploads/2023/06/terasseauprimtemps.jpg,/2023/06/terasseauprimtemps.jpg,terasseauprimtemps.jpg,,"devant la ferme",,terasseauprimtemps
3044,https://atelier-ilys.com/wp-content/uploads/2023/06/terrasse3-750jpg.jpg,/2023/06/terrasse3-750jpg.jpg,terrasse3-750jpg.jpg,,,,terrasse3-750jpg
3042,https://atelier-ilys.com/wp-content/uploads/2023/06/lepuits-rotated-e1688129377684.jpg,/2023/06/lepuits-rotated-e1688129377684.jpg,lepuits-rotated-e1688129377684.jpg,,"le puits devant la ferme",,lepuits
3041,https://atelier-ilys.com/wp-content/uploads/2023/06/giteauprintemps-750.jpg,/2023/06/giteauprintemps-750.jpg,giteauprintemps-750.jpg,,"gite vue de la route",,giteauprintemps-750
3040,https://atelier-ilys.com/wp-content/uploads/2023/06/giteetparking-750.jpg,/2023/06/giteetparking-750.jpg,giteetparking-750.jpg,,"parking et gite",,giteetparking-750
3039,https://atelier-ilys.com/wp-content/uploads/2023/06/vuesud.jpg,/2023/06/vuesud.jpg,vuesud.jpg,,"vue sud",,vuesud
3038,https://atelier-ilys.com/wp-content/uploads/2023/06/terrassearriere-750-rotated-e1688129391257.jpg,/2023/06/terrassearriere-750-rotated-e1688129391257.jpg,terrassearriere-750-rotated-e1688129391257.jpg,,"salon arriere",,terrassearriere-750
3037,https://atelier-ilys.com/wp-content/uploads/2023/06/letilleul-750.jpg,/2023/06/letilleul-750.jpg,letilleul-750.jpg,,"vue est",,letilleul-750
3036,https://atelier-ilys.com/wp-content/uploads/2023/06/lejardin-ea-rotated-e1688129407723.jpg,/2023/06/lejardin-ea-rotated-e1688129407723.jpg,lejardin-ea-rotated-e1688129407723.jpg,,"vue de la terrasse",,lejardin-è(à
3035,https://atelier-ilys.com/wp-content/uploads/2023/06/jardinouest-750.jpg,/2023/06/jardinouest-750.jpg,jardinouest-750.jpg,,"vue ouest",,jardinouest-750
3034,https://atelier-ilys.com/wp-content/uploads/2023/06/arrieredugite-750.jpg,/2023/06/arrieredugite-750.jpg,arrieredugite-750.jpg,,"vue arriere du gite",,arrieredugite-750
3033,https://atelier-ilys.com/wp-content/uploads/2023/06/vuedemsemble-750.jpg,/2023/06/vuedemsemble-750.jpg,vuedemsemble-750.jpg,,"vued'ensemble sud",,vuedemsemble-750
3028,https://atelier-ilys.com/wp-content/uploads/2023/06/chambrerose3-750-1.jpg,/2023/06/chambrerose3-750-1.jpg,chambrerose3-750-1.jpg,,"chambre garance",,chambrerose3-750
3027,https://atelier-ilys.com/wp-content/uploads/2023/06/chambrerose4-750-1-rotated-e1688131697590.jpg,/2023/06/chambrerose4-750-1-rotated-e1688131697590.jpg,chambrerose4-750-1-rotated-e1688131697590.jpg,,"chambre garance",,chambrerose4-750
3026,https://atelier-ilys.com/wp-content/uploads/2023/06/chambrerose5-750-1.jpg,/2023/06/chambrerose5-750-1.jpg,chambrerose5-750-1.jpg,,"chambre garance",,chambrerose5-750
3024,https://atelier-ilys.com/wp-content/uploads/2023/06/chambreverte6-750-1.jpg,/2023/06/chambreverte6-750-1.jpg,chambreverte6-750-1.jpg,,"chambre verte",,chambreverte6-750
3023,https://atelier-ilys.com/wp-content/uploads/2023/06/chambreverte2-750-1.jpg,/2023/06/chambreverte2-750-1.jpg,chambreverte2-750-1.jpg,,"chambre verte",,chambreverte2-750
3022,https://atelier-ilys.com/wp-content/uploads/2023/06/chambrebleu2-750-1.jpg,/2023/06/chambrebleu2-750-1.jpg,chambrebleu2-750-1.jpg,,"chambre bleue",,chambrebleu2-750
3021,https://atelier-ilys.com/wp-content/uploads/2023/06/chambrebleu3-750-1.jpg,/2023/06/chambrebleu3-750-1.jpg,chambrebleu3-750-1.jpg,,"chambre bleue",,chambrebleu3-750
3016,https://atelier-ilys.com/wp-content/uploads/2023/06/couloirrouge750.jpg,/2023/06/couloirrouge750.jpg,couloirrouge750.jpg,,couloir,,couloirrouge750
3015,https://atelier-ilys.com/wp-content/uploads/2023/06/chambresimple-750.jpg,/2023/06/chambresimple-750.jpg,chambresimple-750.jpg,,,,"chambresimple 750"
3014,https://atelier-ilys.com/wp-content/uploads/2023/06/chambresimple2-750.jpg,/2023/06/chambresimple2-750.jpg,chambresimple2-750.jpg,,,,chambresimple2-750
3013,https://atelier-ilys.com/wp-content/uploads/2023/06/chambrerose3-750.jpg,/2023/06/chambrerose3-750.jpg,chambrerose3-750.jpg,,,,chambrerose3-750
3011,https://atelier-ilys.com/wp-content/uploads/2023/06/chambrerose5-750.jpg,/2023/06/chambrerose5-750.jpg,chambrerose5-750.jpg,,,,chambrerose5-750
3008,https://atelier-ilys.com/wp-content/uploads/2023/06/chambreverte4-750-rotated-e1707128231503.jpg,/2023/06/chambreverte4-750-rotated-e1707128231503.jpg,chambreverte4-750-rotated-e1707128231503.jpg,,"chambre verte",,chambreverte4-750
3006,https://atelier-ilys.com/wp-content/uploads/2023/06/chambreverte5-750.jpg,/2023/06/chambreverte5-750.jpg,chambreverte5-750.jpg,,"chambre verte",,chambreverte5-750
2832,https://atelier-ilys.com/wp-content/uploads/2023/01/encres-coplorees.jpg,/2023/01/encres-coplorees.jpg,encres-coplorees.jpg,,encres,,"encres coplorees"
2831,https://atelier-ilys.com/wp-content/uploads/2023/01/dessin.jpg,/2023/01/dessin.jpg,dessin.jpg,,"encre végétale",,dessin
2740,https://atelier-ilys.com/wp-content/uploads/2022/12/rideau-rotated-e1671278448752.jpg,/2022/12/rideau-rotated-e1671278448752.jpg,rideau-rotated-e1671278448752.jpg,,"rideau shibori couleur écorces de chêne",,rideau
2737,https://atelier-ilys.com/wp-content/uploads/2022/12/papier1.jpg,/2022/12/papier1.jpg,papier1.jpg,,"ecoprint papier",,papier1
2610,https://atelier-ilys.com/wp-content/uploads/2022/12/coussiniiris-rotated.jpg,/2022/12/coussiniiris-rotated.jpg,coussiniiris-rotated.jpg,,"coussin shibori",,coussiniiris
2609,https://atelier-ilys.com/wp-content/uploads/2022/12/bodycouleur.jpg,/2022/12/bodycouleur.jpg,bodycouleur.jpg,,"body bébé, cosmos, gaillet jaune, garance, écorces de chêne, ",,bodycouleur
2559,https://atelier-ilys.com/wp-content/uploads/2022/12/declaration-TVA.pdf,/2022/12/declaration-TVA.pdf,declaration-TVA.pdf,,,,"declaration TVA"
2547,https://atelier-ilys.com/wp-content/uploads/2022/12/zerodechet.jpg,/2022/12/zerodechet.jpg,zerodechet.jpg,,,,zerodechet
2536,https://atelier-ilys.com/wp-content/uploads/2022/12/famillesalon-rotated-e1670522848728.jpg,/2022/12/famillesalon-rotated-e1670522848728.jpg,famillesalon-rotated-e1670522848728.jpg,,"atelier enfant salon de provence 2022",,famillesalon
2534,https://atelier-ilys.com/wp-content/uploads/2022/12/bebe.jpg,/2022/12/bebe.jpg,bebe.jpg,,"fete aux herbes , pertuis 2022",,bebe
2533,https://atelier-ilys.com/wp-content/uploads/2022/12/pauline.jpg,/2022/12/pauline.jpg,pauline.jpg,,,,pauline
2532,https://atelier-ilys.com/wp-content/uploads/2022/12/gaillet.jpg,/2022/12/gaillet.jpg,gaillet.jpg,,,,gaillet
2527,https://atelier-ilys.com/wp-content/uploads/2022/12/cueilletteaccueil.jpg,/2022/12/cueilletteaccueil.jpg,cueilletteaccueil.jpg,,"récolte pour ecoprint",,cueilletteaccueil
2500,https://atelier-ilys.com/wp-content/uploads/2022/12/stand.jpg,/2022/12/stand.jpg,stand.jpg,,,,stand
2498,https://atelier-ilys.com/wp-content/uploads/2022/12/lemperi2-rotated-e1670172059152.jpg,/2022/12/lemperi2-rotated-e1670172059152.jpg,lemperi2-rotated-e1670172059152.jpg,,"atelier enfant 2022",,lemperi2
2497,https://atelier-ilys.com/wp-content/uploads/2022/12/sechagenaturamage.jpg,/2022/12/sechagenaturamage.jpg,sechagenaturamage.jpg,,,,sechagenaturamage
2496,https://atelier-ilys.com/wp-content/uploads/2022/12/nature1.jpg,/2022/12/nature1.jpg,nature1.jpg,,,,nature1
2495,https://atelier-ilys.com/wp-content/uploads/2022/12/naturamage.jpg,/2022/12/naturamage.jpg,naturamage.jpg,,,,naturamage
2494,https://atelier-ilys.com/wp-content/uploads/2022/12/tarascon1.jpg,/2022/12/tarascon1.jpg,tarascon1.jpg,,"atelier enfant 2022",,tarascon1
2399,https://atelier-ilys.com/wp-content/uploads/2022/11/pinceau-rotated-e1669155198993.jpg,/2022/11/pinceau-rotated-e1669155198993.jpg,pinceau-rotated-e1669155198993.jpg,,"motifs sur coton",,pinceau
2397,https://atelier-ilys.com/wp-content/uploads/2022/11/figuier.jpg,/2022/11/figuier.jpg,figuier.jpg,,"nappe coton et feuilles de figuier imprimée en écorces de chênesur coton",,figuier
2396,https://atelier-ilys.com/wp-content/uploads/2022/11/teeshirt-e1669153230472.jpg,/2022/11/teeshirt-e1669153230472.jpg,teeshirt-e1669153230472.jpg,,,,teeshirt
2395,https://atelier-ilys.com/wp-content/uploads/2022/11/robe.jpg,/2022/11/robe.jpg,robe.jpg,,"teinture à l'armoise",,robe
2393,https://atelier-ilys.com/wp-content/uploads/2022/11/pigmentgarance-rotated-e1669151079304.jpg,/2022/11/pigmentgarance-rotated-e1669151079304.jpg,pigmentgarance-rotated-e1669151079304.jpg,,,,pigmentgarance
2392,https://atelier-ilys.com/wp-content/uploads/2022/11/pigment-e1705678201714.jpg,/2022/11/pigment-e1705678201714.jpg,pigment-e1705678201714.jpg,,"fabrication d'indigo",,pigment
2391,https://atelier-ilys.com/wp-content/uploads/2022/11/cuve.jpg,/2022/11/cuve.jpg,cuve.jpg,,"cuve d'indigo",,cuve
2289,https://atelier-ilys.com/wp-content/uploads/2022/11/IMG_8385-scaled.jpg,/2022/11/IMG_8385-scaled.jpg,IMG_8385-scaled.jpg,,"plaid lin cosmos motif feuilles de gingko,",,IMG_8385
2280,https://atelier-ilys.com/wp-content/uploads/2022/11/teinture2.jpg,/2022/11/teinture2.jpg,teinture2.jpg,,,,teinture2
2279,https://atelier-ilys.com/wp-content/uploads/2022/11/famile2.jpg,/2022/11/famile2.jpg,famile2.jpg,,"atelier famille chateau de l'emperi",,famile2
2278,https://atelier-ilys.com/wp-content/uploads/2022/11/ecoprint4.jpg,/2022/11/ecoprint4.jpg,ecoprint4.jpg,,"les creaztionsq du stage",,ecoprint4
2277,https://atelier-ilys.com/wp-content/uploads/2022/11/indigodecouverte750.jpg,/2022/11/indigodecouverte750.jpg,indigodecouverte750.jpg,,"créations des stagiaires",,indigodecouverte750
2275,https://atelier-ilys.com/wp-content/uploads/2022/11/marianne.jpg,/2022/11/marianne.jpg,marianne.jpg,,"utilisation de la cuve",,marianne
2274,https://atelier-ilys.com/wp-content/uploads/2022/11/ecoprint-3-rotated.jpg,/2022/11/ecoprint-3-rotated.jpg,ecoprint-3-rotated.jpg,,"ecoprint sur coton",,"ecoprint 3"
2273,https://atelier-ilys.com/wp-content/uploads/2022/11/indigo2.jpg,/2022/11/indigo2.jpg,indigo2.jpg,,"travail de stagiaire",,indigo2
2272,https://atelier-ilys.com/wp-content/uploads/2022/11/encrecouleur.jpg,/2022/11/encrecouleur.jpg,encrecouleur.jpg,,,,encrecouleur
2271,https://atelier-ilys.com/wp-content/uploads/2022/11/dessin.jpg,/2022/11/dessin.jpg,dessin.jpg,,,,dessin
2270,https://atelier-ilys.com/wp-content/uploads/2022/11/guillaume.jpg,/2022/11/guillaume.jpg,guillaume.jpg,,"trempage cuve d'indigo",,guillaume
2269,https://atelier-ilys.com/wp-content/uploads/2022/11/torchon.jpg,/2022/11/torchon.jpg,torchon.jpg,,"stage tatakizome 2022",,torchon
2268,https://atelier-ilys.com/wp-content/uploads/2022/11/cuveindigo.jpg,/2022/11/cuveindigo.jpg,cuveindigo.jpg,,"déverdissage en sortie de cuve",,cuveindigo
2258,https://atelier-ilys.com/wp-content/uploads/2022/11/cosmos1.jpg,/2022/11/cosmos1.jpg,cosmos1.jpg,,"foulard ecoprint cosmos",,cosmos1
2257,https://atelier-ilys.com/wp-content/uploads/2022/11/baladejardin750-1.jpg,/2022/11/baladejardin750-1.jpg,baladejardin750-1.jpg,,"pastel du jardin",,baladejardin750
2255,https://atelier-ilys.com/wp-content/uploads/2022/11/martelage1.jpg,/2022/11/martelage1.jpg,martelage1.jpg,,,,martelage1
2188,https://atelier-ilys.com/wp-content/uploads/2022/11/made-in-provence-99.png,/2022/11/made-in-provence-99.png,made-in-provence-99.png,,,,"made in provence 99"
2154,https://atelier-ilys.com/wp-content/uploads/2022/10/ateliertyedie.jpg,/2022/10/ateliertyedie.jpg,ateliertyedie.jpg,,"stage 2023",,ateliertyedie
2152,https://atelier-ilys.com/wp-content/uploads/2022/10/balade.jpg,/2022/10/balade.jpg,balade.jpg,,,,balade
2150,https://atelier-ilys.com/wp-content/uploads/2022/10/tatzkizome-rotated.jpg,/2022/10/tatzkizome-rotated.jpg,tatzkizome-rotated.jpg,,,,tatzkizome
2138,https://atelier-ilys.com/wp-content/uploads/2022/10/porche.jpg,/2022/10/porche.jpg,porche.jpg,,"Sur la terrasse",,porche
2135,https://atelier-ilys.com/wp-content/uploads/2022/10/ecoprint2-rotated.jpg,/2022/10/ecoprint2-rotated.jpg,ecoprint2-rotated.jpg,,,,ecoprint2
2134,https://atelier-ilys.com/wp-content/uploads/2022/10/tieanddyecosmos.jpg,/2022/10/tieanddyecosmos.jpg,tieanddyecosmos.jpg,,,,tieanddyecosmos
2133,https://atelier-ilys.com/wp-content/uploads/2022/10/coussincarré.jpg,/2022/10/coussincarré.jpg,coussincarré.jpg,,,,coussincarré
2127,https://atelier-ilys.com/wp-content/uploads/2022/10/salonprovence.jpg,/2022/10/salonprovence.jpg,salonprovence.jpg,,,,salonprovence
2124,https://atelier-ilys.com/wp-content/uploads/2022/10/fourlardnoixgalle.jpg,/2022/10/fourlardnoixgalle.jpg,fourlardnoixgalle.jpg,,,,fourlardnoixgalle
2123,https://atelier-ilys.com/wp-content/uploads/2022/10/drap-erble.jpg,/2022/10/drap-erble.jpg,drap-erble.jpg,,"nappe coton cochenille et feuilles d'érables",,"drap erble"
2121,https://atelier-ilys.com/wp-content/uploads/2022/10/echantillon-e1668511651792.jpg,/2022/10/echantillon-e1668511651792.jpg,echantillon-e1668511651792.jpg,,,,echantillon
2120,https://atelier-ilys.com/wp-content/uploads/2022/10/bodybleu.jpg,/2022/10/bodybleu.jpg,bodybleu.jpg,,"body coton GOTS et indigo",,bodybleu
2119,https://atelier-ilys.com/wp-content/uploads/2022/10/atelier-2.jpg,/2022/10/atelier-2.jpg,atelier-2.jpg,,"Dans l'atelier",,"atelier 2"
2118,https://atelier-ilys.com/wp-content/uploads/2022/10/animation-2-e1666208636586.jpg,/2022/10/animation-2-e1666208636586.jpg,animation-2-e1666208636586.jpg,,"stage indigo 2023",,"animation 2"
2116,https://atelier-ilys.com/wp-content/uploads/2022/10/ecoprint-e1666210083270.jpg,/2022/10/ecoprint-e1666210083270.jpg,ecoprint-e1666210083270.jpg,,,,ecoprint
2054,https://atelier-ilys.com/wp-content/uploads/2022/10/salongite750-rotated-e1665495156556.jpg,/2022/10/salongite750-rotated-e1665495156556.jpg,salongite750-rotated-e1665495156556.jpg,,"gite 2P: Coin salon",,salongite750
2053,https://atelier-ilys.com/wp-content/uploads/2022/10/cuisinegite750-rotated-e1665495120145.jpg,/2022/10/cuisinegite750-rotated-e1665495120145.jpg,cuisinegite750-rotated-e1665495120145.jpg,,"gite 2P: Coin cuisine",,cuisinegite750
2051,https://atelier-ilys.com/wp-content/uploads/2022/10/sdbgite750-rotated-e1665495086430.jpg,/2022/10/sdbgite750-rotated-e1665495086430.jpg,sdbgite750-rotated-e1665495086430.jpg,,"Salle de bain",,sdbgite750
2050,https://atelier-ilys.com/wp-content/uploads/2022/10/litgite750.jpg,/2022/10/litgite750.jpg,litgite750.jpg,,"Gite : Vue d'ensemble de la pièce",,litgite750
2048,https://atelier-ilys.com/wp-content/uploads/2022/10/sdbcommune750.jpg,/2022/10/sdbcommune750.jpg,sdbcommune750.jpg,"Salle de bain commune","salle de bain",,sdbcommune750
2042,https://atelier-ilys.com/wp-content/uploads/2022/10/tilleul.jpg,/2022/10/tilleul.jpg,tilleul.jpg,,"extérieur autour de la ferme",,"jardin autour de la ferme"
2039,https://atelier-ilys.com/wp-content/uploads/2022/10/repasgite-rotated-e1669643438328.jpg,/2022/10/repasgite-rotated-e1669643438328.jpg,repasgite-rotated-e1669643438328.jpg,,"gite 2P : Coin salle à manger",,"coin repas gite"
2011,https://atelier-ilys.com/wp-content/uploads/2022/07/lavandes.jpg,/2022/07/lavandes.jpg,lavandes.jpg,,"Vue sud en juillet",,lavandes
2009,https://atelier-ilys.com/wp-content/uploads/2022/07/vue-nord.jpg,/2022/07/vue-nord.jpg,vue-nord.jpg,"Vue coté nord","vue coté nord",,"vue coté nord"
1850,https://atelier-ilys.com/wp-content/uploads/woocommerce-placeholder.png,/woocommerce-placeholder.png,woocommerce-placeholder.png,,,,woocommerce-placeholder
1820,https://atelier-ilys.com/wp-content/uploads/2022/05/terrasse1250.jpg,/2022/05/terrasse1250.jpg,terrasse1250.jpg,,"La terrasse",,terrasse1250
1812,https://atelier-ilys.com/wp-content/uploads/2022/05/chambrebleu1250.jpg,/2022/05/chambrebleu1250.jpg,chambrebleu1250.jpg,,"Chambre indigo",,chambrebleu1250
1811,https://atelier-ilys.com/wp-content/uploads/2022/05/3chambre1250.jpg,/2022/05/3chambre1250.jpg,3chambre1250.jpg,,"Chambre verte",,3chambre1250
1810,https://atelier-ilys.com/wp-content/uploads/2022/05/2chambre1250.jpg,/2022/05/2chambre1250.jpg,2chambre1250.jpg,,"Chambre rose",,2chambre1250
1809,https://atelier-ilys.com/wp-content/uploads/2022/05/2chambre210.jpg,/2022/05/2chambre210.jpg,2chambre210.jpg,,"Chambre rose",,2chambre210
1789,https://atelier-ilys.com/wp-content/uploads/2022/05/tilleul750.jpg,/2022/05/tilleul750.jpg,tilleul750.jpg,,"Autour de l'atelier",,tilleul750
1786,https://atelier-ilys.com/wp-content/uploads/2022/05/atelier750.jpg,/2022/05/atelier750.jpg,atelier750.jpg,,"Séance de tatakizomé",,atelier750
1785,https://atelier-ilys.com/wp-content/uploads/2022/05/foulardviolet750.jpg,/2022/05/foulardviolet750.jpg,foulardviolet750.jpg,,"Création au murasaki du jardin",,foulardviolet750
1782,https://atelier-ilys.com/wp-content/uploads/2022/05/alatelier750.jpg,/2022/05/alatelier750.jpg,alatelier750.jpg,,"Atelier découverte",,alatelier750
1780,https://atelier-ilys.com/wp-content/uploads/2022/05/sechage750.jpg,/2022/05/sechage750.jpg,sechage750.jpg,,"Séchage des teintures",,sechage
1778,https://atelier-ilys.com/wp-content/uploads/2022/05/coreopsis750.jpg,/2022/05/coreopsis750.jpg,coreopsis750.jpg,,"Coréopsis du jardin",,coreopsis750
1777,https://atelier-ilys.com/wp-content/uploads/2022/05/cosmos750.jpg,/2022/05/cosmos750.jpg,cosmos750.jpg,,"Cosmos du jardin",,cosmos750
1776,https://atelier-ilys.com/wp-content/uploads/2022/05/ateliernuancier750.jpg,/2022/05/ateliernuancier750.jpg,ateliernuancier750.jpg,,"Nuancier à l'atelier",,ateliernuancier750
1775,https://atelier-ilys.com/wp-content/uploads/2022/05/table750.jpg,/2022/05/table750.jpg,table750.jpg,,"A l'atelier",,table750
1774,https://atelier-ilys.com/wp-content/uploads/2022/05/jardin750.jpg,/2022/05/jardin750.jpg,jardin750.jpg,,"Le jardin de tinctoriales en mars",,jardin750
1773,https://atelier-ilys.com/wp-content/uploads/2022/05/foulardcosmos750.jpg,/2022/05/foulardcosmos750.jpg,foulardcosmos750.jpg,,"Création de l'atelier ilys",,foulardcosmos750
1772,https://atelier-ilys.com/wp-content/uploads/2022/05/sorgho750.jpg,/2022/05/sorgho750.jpg,sorgho750.jpg,,"Sorgho du jardin",,sorgho750
1766,https://atelier-ilys.com/wp-content/uploads/2022/05/tournesol1250.jpg,/2022/05/tournesol1250.jpg,tournesol1250.jpg,,"Tournesols du jardin",,tournesol1250
1760,https://atelier-ilys.com/wp-content/uploads/2022/05/cropped-atelier-ilys-bleu600.jpeg,/2022/05/cropped-atelier-ilys-bleu600.jpeg,cropped-atelier-ilys-bleu600.jpeg,,,https://atelier-ilys.com/wp-content/uploads/2022/05/cropped-atelier-ilys-bleu600.jpeg,cropped-atelier-ilys-bleu600.jpeg
1752,https://atelier-ilys.com/wp-content/uploads/2022/05/cropped-cropped-logo300.jpg,/2022/05/cropped-cropped-logo300.jpg,cropped-cropped-logo300.jpg,,,https://atelier-ilys.com/wp-content/uploads/2022/05/cropped-cropped-logo300.jpg,cropped-cropped-logo300.jpg
1749,https://atelier-ilys.com/wp-content/uploads/2022/05/cropped-logo300-1.jpg,/2022/05/cropped-logo300-1.jpg,cropped-logo300-1.jpg,,,https://atelier-ilys.com/wp-content/uploads/2022/05/cropped-logo300-1.jpg,cropped-logo300-1.jpg
1739,https://atelier-ilys.com/wp-content/uploads/2022/05/A100.jpg,/2022/05/A100.jpg,A100.jpg,,,,A100
1737,https://atelier-ilys.com/wp-content/uploads/2022/05/logo-A.png,/2022/05/logo-A.png,logo-A.png,,,,"logo A"
1735,https://atelier-ilys.com/wp-content/uploads/2022/05/cropped-logo300.jpg,/2022/05/cropped-logo300.jpg,cropped-logo300.jpg,,,https://atelier-ilys.com/wp-content/uploads/2022/05/cropped-logo300.jpg,cropped-logo300.jpg
1734,https://atelier-ilys.com/wp-content/uploads/2022/05/logo300.jpg,/2022/05/logo300.jpg,logo300.jpg,,,,logo300
1696,https://atelier-ilys.com/wp-content/uploads/2022/05/coreopsis210.jpg,/2022/05/coreopsis210.jpg,coreopsis210.jpg,,,,coreopsis210
1689,https://atelier-ilys.com/wp-content/uploads/2022/05/balade750.jpg,/2022/05/balade750.jpg,balade750.jpg,,"Ballade botanique",,balade750
1675,https://atelier-ilys.com/wp-content/uploads/2022/05/pertuis750.jpeg,/2022/05/pertuis750.jpeg,pertuis750.jpeg,,"atelier pour la fête aux herbes",,pertuis750
1672,https://atelier-ilys.com/wp-content/uploads/2022/05/naturamage750.jpg,/2022/05/naturamage750.jpg,naturamage750.jpg,,,,naturamage750
1671,https://atelier-ilys.com/wp-content/uploads/2022/05/naturamage750.pdf,/2022/05/naturamage750.pdf,naturamage750.pdf,,,,naturamage750
1670,https://atelier-ilys.com/wp-content/uploads/2022/05/tarascon750.jpg,/2022/05/tarascon750.jpg,tarascon750.jpg,,"atelier famille, chateau de Tarascon l'emperi",,tarascon750
1650,https://atelier-ilys.com/wp-content/uploads/2022/05/relooking750.jpg,/2022/05/relooking750.jpg,relooking750.jpg,,,,relooking750
1649,https://atelier-ilys.com/wp-content/uploads/2022/05/pigment750.jpg,/2022/05/pigment750.jpg,pigment750.jpg,,"pigments de camomilles ",,pigment750
1648,https://atelier-ilys.com/wp-content/uploads/2022/05/garance750.jpg,/2022/05/garance750.jpg,garance750.jpg,,"séchage des créations",,garance750
1627,https://atelier-ilys.com/wp-content/uploads/2022/05/autonome-750.jpg,/2022/05/autonome-750.jpg,autonome-750.jpg,,,,"autonome 750"
1589,https://atelier-ilys.com/wp-content/uploads/2022/04/domicile1280.jpg,/2022/04/domicile1280.jpg,domicile1280.jpg,,,,domicile1280
1459,https://atelier-ilys.com/wp-content/uploads/2022/04/famille750.jpg,/2022/04/famille750.jpg,famille750.jpg,,"atelier enfant 2022",,famille750
1457,https://atelier-ilys.com/wp-content/uploads/2022/04/echantillonteinture750.jpg,/2022/04/echantillonteinture750.jpg,echantillonteinture750.jpg,,,,echantillonteinture750
1450,https://atelier-ilys.com/wp-content/uploads/2022/04/encre750-rotated-e1650996327572.jpg,/2022/04/encre750-rotated-e1650996327572.jpg,encre750-rotated-e1650996327572.jpg,,encre,,encre750
1448,https://atelier-ilys.com/wp-content/uploads/2022/04/tournesol750.jpg,/2022/04/tournesol750.jpg,tournesol750.jpg,,"cueillette pour teinture",,tournesol750
1445,https://atelier-ilys.com/wp-content/uploads/2022/04/decouvrir1280.jpg,/2022/04/decouvrir1280.jpg,decouvrir1280.jpg,,,,decouvrir1280
1434,https://atelier-ilys.com/wp-content/uploads/2022/04/feuille210.png,/2022/04/feuille210.png,feuille210.png,,,,feuille210
1396,https://atelier-ilys.com/wp-content/uploads/2022/04/ginko210.png,/2022/04/ginko210.png,ginko210.png,,,,ginko210
1377,https://atelier-ilys.com/wp-content/uploads/2022/04/logo-site.png,/2022/04/logo-site.png,logo-site.png,,,,"logo site"
1316,https://atelier-ilys.com/wp-content/uploads/2022/04/decouverte1500-rotated.jpg,/2022/04/decouverte1500-rotated.jpg,decouverte1500-rotated.jpg,,"Echantillon d'un nuancier",,decouverte1500
1304,https://atelier-ilys.com/wp-content/uploads/2022/04/martelage210-rotated.jpg,/2022/04/martelage210-rotated.jpg,martelage210-rotated.jpg,,,,martelage210
1265,https://atelier-ilys.com/wp-content/uploads/2022/04/sechage.jpg,/2022/04/sechage.jpg,sechage.jpg,,"séchage des teintures ",,sechage
1158,https://atelier-ilys.com/wp-content/uploads/2022/04/IMG_70B3ECB760BE-1-scaled.jpeg,/2022/04/IMG_70B3ECB760BE-1-scaled.jpeg,IMG_70B3ECB760BE-1-scaled.jpeg,,,,IMG_70B3ECB760BE-1
1149,https://atelier-ilys.com/wp-content/uploads/2022/04/IMG_8626-1-scaled.jpg,/2022/04/IMG_8626-1-scaled.jpg,IMG_8626-1-scaled.jpg,,"séchage au jardin",,"IMG_8626 (1)"
1131,https://atelier-ilys.com/wp-content/uploads/2022/04/cropped-logo-A.png,/2022/04/cropped-logo-A.png,cropped-logo-A.png,,,https://atelier-ilys.com/wp-content/uploads/2022/04/cropped-logo-A.png,cropped-logo-A.png
670,https://atelier-ilys.com/wp-content/uploads/2022/03/chalmbre-verte-1-scaled.jpg,/2022/03/chalmbre-verte-1-scaled.jpg,chalmbre-verte-1-scaled.jpg,,,,"chalmbre verte"
647,https://atelier-ilys.com/wp-content/uploads/2022/03/fait-main.jpg,/2022/03/fait-main.jpg,fait-main.jpg,,,,"fait main"
642,https://atelier-ilys.com/wp-content/uploads/2022/03/atelier-scaled.jpg,/2022/03/atelier-scaled.jpg,atelier-scaled.jpg,,"Les réalisations des stagiaires",,atelier
537,https://atelier-ilys.com/wp-content/uploads/2022/03/zero-dechet.png,/2022/03/zero-dechet.png,zero-dechet.png,,,,"zero dechet"
536,https://atelier-ilys.com/wp-content/uploads/2022/03/produits-naturels.png,/2022/03/produits-naturels.png,produits-naturels.png,,,,"produits naturels"
535,https://atelier-ilys.com/wp-content/uploads/2022/03/non-polluant.png,/2022/03/non-polluant.png,non-polluant.png,,,,"non polluant"
534,https://atelier-ilys.com/wp-content/uploads/2022/03/made-in-provence-e1667337773553.png,/2022/03/made-in-provence-e1667337773553.png,made-in-provence-e1667337773553.png,,,,"made in provence"
380,https://atelier-ilys.com/wp-content/uploads/2022/03/IMG_3201.mp4,/2022/03/IMG_3201.mp4,IMG_3201.mp4,,,,IMG_3201
379,https://atelier-ilys.com/wp-content/uploads/2022/03/IMG_7293-scaled.jpg,/2022/03/IMG_7293-scaled.jpg,IMG_7293-scaled.jpg,,,,IMG_7293
322,https://atelier-ilys.com/wp-content/uploads/2016/11/architect.mp4,/2016/11/architect.mp4,architect.mp4,,,,architect
